class,tp,tn,fp,fn,accuracy,precision,recall,f1
02691156,48,62,10,0,0.9166666666666666,0.8275862068965374,0.9999999999999791,0.9056603773579778
03948459,18,92,4,6,0.9166666666666666,0.818181818181781,0.7499999999999688,0.7826086956516408
03467517,15,96,0,9,0.925,0.9999999999999333,0.624999999999974,0.7692307692302564
02958343,18,89,7,6,0.8916666666666667,0.7199999999999712,0.7499999999999688,0.7346938775504906
