class,tp,tn,fp,fn,accuracy,precision,recall,f1
02691156,48,57,15,0,0.875,0.7619047619047498,0.9999999999999791,0.8648648648643583
03467517,19,95,1,5,0.95,0.9499999999999525,0.7916666666666338,0.8636363636358285
02958343,17,96,0,7,0.9416666666666667,0.9999999999999413,0.7083333333333038,0.8292682926824009
03948459,18,94,2,6,0.9333333333333333,0.8999999999999551,0.7499999999999688,0.8181818181812851
