class,tp,tn,fp,fn,accuracy,precision,recall,f1
03948459,24,95,1,0,0.9916666666666667,0.9599999999999617,0.9999999999999584,0.9795918367341541
02958343,23,96,0,1,0.9916666666666667,0.9999999999999566,0.9583333333332935,0.9787234042547778
02691156,48,64,8,0,0.9333333333333333,0.8571428571428418,0.9999999999999791,0.9230769230764082
03467517,16,96,0,8,0.9333333333333333,0.9999999999999376,0.666666666666639,0.79999999999948
