class,tp,tn,fp,fn,accuracy,precision,recall,f1
02958343,22,94,2,2,0.9666666666666667,0.9166666666666285,0.9166666666666285,0.9166666666661285
02691156,48,57,15,0,0.875,0.7619047619047498,0.9999999999999791,0.8648648648643583
03467517,16,96,0,8,0.9333333333333333,0.9999999999999376,0.666666666666639,0.79999999999948
03948459,16,95,1,8,0.925,0.94117647058818,0.666666666666639,0.7804878048775252
