class,tp,tn,fp,fn,accuracy,precision,recall,f1
03467517,4,96,0,20,0.8333333333333334,0.99999999999975,0.16666666666665975,0.2857142857140204
02691156,0,72,0,48,0.6,0.0,0.0,0.0
02958343,0,96,0,24,0.8,0.0,0.0,0.0
03948459,0,96,0,24,0.8,0.0,0.0,0.0
